phase,prover,n,T_phase_s,W_cpu_core_s,T_per_tx_s,W_cpu_per_tx_core_s,Lambda_phase_tx_s,R_eff_core_s_per_s,gamma_time,gamma_cpu,xi_cpu,gamma_ram,xi_ram,eta_throughput,eta_R_eff,gamma_throughput,wall_stdev_s,cpu_stdev_core_s,rss_peak_mean_bytes,rss_peak_max_bytes,rss_peak_mean_per_tx_bytes,W_io_read_bytes,W_io_write_bytes,n_reps
prove,rapidsnark,1,0.19157100487500428,0.3226667999999995,0.19157100487500428,0.3226667999999995,5.219996630766108,1.684319608860079,0.016073742183237632,0.078978400921699,0.9210215990783011,0.0003201479382202215,0.9996798520617798,0.9839262578167626,0.06290465873846138,0.9839262578167626,0.001169054093440813,0.015700136399408825,57213337.6,57667584.0,57213337.6,0.0,0.0,10.0
prove,rapidsnark,2,0.19371732166036965,0.3408232000000012,0.09685866083018482,0.1704116000000006,10.324321970063437,1.7593842258336687,0.01692861266591561,0.06255485590811583,0.9374451440918842,0.0007432688538671073,0.9992567311461329,0.9830713873340844,0.04562624324220016,0.9830713873340844,0.000723405289079207,0.01977616306972083,57226035.2,57618432.0,28613017.6,0.0,0.0,10.0
prove,rapidsnark,4,0.19611996980383992,0.3518973999999986,0.04902999245095998,0.08797434999999965,20.395679256940628,1.7942966254378274,0.025688345500158416,0.10613290027514222,0.8938670997248578,5.162918762735558e-05,0.9999483708123726,0.9743116544998423,0.08044455477498408,0.9743116544998423,0.0012867548709700602,0.01431665644066222,57272320.0,57618432.0,14318080.0,0.0,0.0,10.0
prove,rapidsnark,8,0.2007402131333947,0.39484579999999314,0.02509252664167434,0.04935572499999914,39.85250326841034,1.9669491918772275,0.039069067821243086,0.15156887604642966,0.8484311239535703,-0.0013942579365373575,1.0013942579365374,0.9609309321787576,0.11249980822518679,0.9609309321787576,0.0014774947340555462,0.024170152973417885,57230131.2,57667584.0,7153766.4,0.0,0.0,10.0
prove,rapidsnark,16,0.20703498553484678,0.4341797999999983,0.012939686595927924,0.027136237499999893,77.28162444944351,2.0971325154458977,0.0671563031863327,0.09950708712946754,0.9004929128705325,-0.0010436268508762225,1.0010436268508762,0.9328436968136673,0.03235078394313501,0.9328436968136673,0.001271870360358764,0.032962391277956665,57161728.0,57581568.0,3572608.0,0.0,0.0,10.0
prove,rapidsnark,32,0.22032638266682625,0.45324890000000123,0.00688519945833832,0.014164028125000038,145.23907492453978,2.0571703420801692,0.10203274731677792,0.1791079228314295,0.8208920771685705,-0.0006619243470602498,1.0006619243470602,0.8979672526832223,0.07707517551465137,0.8979672526832223,0.0020925734862822392,0.012978197975448861,57147392.0,57294848.0,1785856.0,0.0,0.0,10.0
prove,rapidsnark,64,0.23849186804145575,0.556548900000007,0.003726435438147746,0.00869607656250011,268.3529653467062,2.3336179324288957,0.16406860287698033,0.38201079674894156,0.6179892032510584,2.585058039095145e-05,0.999974149419609,0.8359313971230207,0.21794219387196123,0.8359313971230207,0.0011165373353200195,0.006426285823774424,57109299.2,57659392.0,892332.8,0.0,0.0,10.0
prove,rapidsnark,128,0.2765958411619067,0.7697153999999358,0.0021609050090773962,0.006013401562499498,462.76906934791754,2.782816244693206,0.2811477575934639,0.590250589524242,0.40974941047575797,0.16870867805311818,0.8312913219468818,0.7188522424065358,0.30910283193077837,0.7188522424065358,0.004040400791781934,0.02360514258891638,57149440.0,57581568.0,446480.0,0.0,0.0,10.0
prove,rapidsnark,256,0.35216110814362767,1.2614487000000452,0.0013756293286860456,0.004927533984375176,726.9400114892622,3.5820216112154206,0.4252236954585703,0.7118672122179757,0.28813278778202434,0.2907955780219922,0.7092044219780078,0.5747763045414294,0.28664351675940525,0.5747763045414294,0.006798425155577807,0.05320529542445933,72157184.0,72986624.0,281864.0,0.0,0.0,10.0
prove,rapidsnark,512,0.498718892224133,2.064985199999927,0.0009740603363752598,0.004033174218749857,1026.630448501033,4.140579457077969,0.5872102073255291,0.8053718202600244,0.1946281797399756,0.7251424223801841,0.2748575776198159,0.412789792674471,0.2181616129344952,0.412789792674471,0.011698704267969472,0.10711063540092186,85524070.4,87896064.0,167039.2,0.0,819.2,10.0
prove,rapidsnark,1024,0.7948353320360184,3.8525807000001464,0.0007762063789414242,0.003762285839843893,1288.317162973823,4.8470174194842714,0.7318008216980232,0.9747813095281994,0.025218690471800587,0.9895123879696293,0.010487612030370741,0.2681991783019768,0.24298048783017623,0.2681991783019768,0.011600842393137672,0.09850292834941336,197178163.2,203833344.0,192556.8,0.0,819.2,10.0
prove,rapidsnark,2048,1.3754468613304198,7.976158399999923,0.0006716049127589941,0.0038946085937499623,1488.970644797607,5.798957869070183,0.8147977849325763,1.065073045757683,-0.06507304575768291,0.8016157337269938,0.1983842662730062,0.18520221506742462,0.2502752608251062,0.18520221506742462,0.036226516067040596,0.708002983049046,337158553.6,339947520.0,164628.2,0.0,0.0,10.0
prove,rapidsnark,4096,2.459429123532027,16.865126899998735,0.0006004465633623113,0.004117462622070004,1665.4271354311957,6.8573339799190665,0.865674188749034,1.0093777186493957,-0.009377718649395739,0.881137508447658,0.11886249155234196,0.13432581125096554,0.14370352990036128,0.13432581125096554,0.0655437006982106,1.7119878586082324,599072768.0,602726400.0,146258.0,0.0,11975884.8,10.0
prove,rapidsnark,8192,4.567006305232644,32.322110500002715,0.0005574958868692192,0.003945570129394863,1793.735206937206,7.077308052535352,0.8929253018104236,0.938478229364095,0.061521770635905026,0.9329709611899363,0.06702903881006372,0.10707469818957654,0.04555292755367118,0.10707469818957654,0.1144075756909774,3.452859828441644,1143751884.8,1146028032.0,139618.15,0.0,38068224.0,10.0
prove,snarkjs,1,0.6462122273631394,2.4029054999999997,0.6462122273631394,2.4029054999999997,1.5474792299744728,3.718446352841425,0.037755229784489835,0.04672831842064351,0.9532716815793565,-0.003041433444706479,1.0030414334447064,0.9622447702155104,0.008973088636153516,0.9622447702155104,0.010831118298497871,0.03873943752624622,356513792.0,363683840.0,356513792.0,0.0,5734.4,10.0
prove,snarkjs,2,0.6633467840030789,2.4820088,0.33167339200153945,1.2410044,3.0150142402600646,3.741645938225397,0.023612391813607636,0.03461096437028832,0.9653890356297117,0.012735979830162947,0.987264020169837,0.9763876081863924,0.010998572556680797,0.9763876081863924,0.012985188701775278,0.07945164282102549,355762995.2,365850624.0,177881497.6,0.0,7372.8,10.0
prove,snarkjs,4,0.6677151769399643,2.521010000000004,0.16692879423499107,0.630252500000001,5.990578225780913,3.775576903243991,0.029371367082025257,0.05640379171032073,0.9435962082896793,0.12198995776458865,0.8780100422354113,0.9706286329179751,0.02703242462829536,0.9706286329179751,0.011684596210307093,0.04308522493152013,362864230.4,411561984.0,90716057.6,0.0,7782.4,10.0
prove,snarkjs,8,0.6909139364957809,2.683871900000008,0.08636424206197262,0.335483987500001,11.578866161789822,3.8845241906860815,0.06812976650530406,0.09868342137300379,0.9013165786269962,0.22101220275624378,0.7789877972437562,0.9318702334946964,0.030553654867699787,0.9318702334946964,0.010803491425844454,0.044765101198254165,421314150.4,448831488.0,52664268.8,0.0,4915.2,10.0
prove,snarkjs,16,0.7338536427356303,2.8905993999999966,0.04586585267097689,0.1806624624999998,21.802712514113633,3.93893173197933,0.10166792337799849,0.13925715530430405,0.860742844695696,0.21919629338120217,0.7808037066187978,0.8983320766220011,0.03758923192630559,0.8983320766220011,0.014241288891293708,0.04637545913997306,492954419.2,510115840.0,30809651.2,0.0,819.2,10.0
prove,snarkjs,32,0.7954889330081641,3.2553894000000057,0.02485902915650513,0.10173091875000018,40.22683241989437,4.092312620478148,0.17445021635938632,0.22426110739615868,0.7757388926038413,0.3712689329132086,0.6287310670867914,0.8255497836406138,0.049810891036772276,0.8255497836406138,0.022034501055013204,0.06019655357614106,570920140.8,639086592.0,17841254.4,0.0,5734.4,10.0
prove,snarkjs,64,0.9346283495426178,3.9446324999999773,0.014603567961603402,0.061634882812499646,68.47641635450059,4.220535897429578,0.24629391536653017,0.3244148603548844,0.6755851396451156,0.5695751873349764,0.43042481266502364,0.7537060846334702,0.0781209449883542,0.7537060846334702,0.018186145333422082,0.07405590483464357,824770150.4,849358848.0,12887033.6,0.0,5324.8,10.0
prove,snarkjs,128,1.11922616539523,5.104111499999965,0.008743954417150234,0.039875871093749723,114.36473159542301,4.560393294770374,0.3419163252405217,0.43987756991461313,0.5601224300853869,0.4481559144763718,0.5518440855236282,0.6580836747594785,0.0979612446740914,0.6580836747594785,0.02215615729186452,0.05805948571477161,1257458892.8,1271275520.0,9823897.6,0.0,6553.6,10.0
prove,snarkjs,256,1.5013885168358683,7.258372200000045,0.00586479889389011,0.028353016406250174,170.50883041220564,4.834439666087795,0.47694716975560025,0.5764480759406314,0.4235519240593686,0.3061555641167395,0.6938444358832605,0.5230528302444002,0.09950090618503138,0.5230528302444002,0.035742892471892065,0.09629550376187734,1535145984.0,1546416128.0,5996664.0,0.0,6553.6,10.0
prove,snarkjs,512,2.168046853505075,11.349493400000313,0.0042344665107520996,0.02216697929687561,236.15725793575498,5.234893047468795,0.6337133290247559,0.7145115638457216,0.28548843615427844,0.5013277574204498,0.49867224257955023,0.36628667097524437,0.08079823482096571,0.36628667097524437,0.048598984047111486,0.11897501727714513,1922285158.4,1938997248.0,3754463.2,0.0,6553.6,10.0
prove,snarkjs,1024,3.614319420326501,19.54420729999997,0.003529608808912599,0.019086139941406222,283.31751594536615,5.407437757184847,0.7840316981626818,0.8323644453781798,0.16763555462182023,0.6149617875246847,0.38503821247531533,0.21596830183731797,0.04833274721549796,0.21596830183731797,0.05243525806232875,0.22318097097752432,3075948544.0,3237531648.0,3003856.0,0.0,8192.0,10.0
prove,snarkjs,2048,6.428398348856717,35.984030599999116,0.003138866381277694,0.01757032744140582,318.58635524107405,5.597666579949705,0.862636844506195,0.8939435483574294,0.1060564516425706,0.7299959246773611,0.2700040753226389,0.13736315549380507,0.031306703851234685,0.13736315549380507,0.29078229067893213,0.2806124006367192,4508807577.6,4776525824.0,2201566.2,0.0,8192.0,10.0
prove,snarkjs,4096,11.950488612893968,67.48786750000086,0.0029175997590073165,0.016476530151367397,342.7474919795852,5.647289385907191,0.9988365401500741,0.9232074358261468,0.07679256417385316,0.7536313148682936,0.2463686851317064,0.0011634598499261628,-0.07562910432392744,0.0011634598499261628,0.9097271951342009,1.2297303436256624,8462143897.6,8691953664.0,2065953.1,0.0,8192.0,10.0
prove,snarkjs,8192,25.672153424657882,129.40053389999667,0.003133807791095933,0.015795963610839438,319.1006170963303,5.040501735850043,1.1031347106747698,0.9391434969351498,0.06085650306485024,0.5989853523886746,0.40101464761132544,-0.10313471067476918,-0.16399121373962103,-0.10313471067476918,2.459612050497972,3.0971077508127154,12817194188.8,13145792512.0,1564598.9,0.0,8192.0,10.0
verify,,1,0.5916585079859942,2.2140513000000004,0.5916585079859942,2.2140513000000004,1.6901641512838215,3.742110136363342,-0.015944706952338208,-0.010198122603863347,1.0101981226038634,-0.05565492979605685,1.055654929796057,1.0159447069523386,0.0057465843484753405,1.0159447069523386,0.01514707522864305,0.02775253116942642,357229568.0,365568000.0,357229568.0,0.0,0.0,20.0
verify,,2,0.5851554831955582,2.1984557999999996,0.2925777415977791,1.0992278999999998,3.4178949995955223,3.757045542825886,-0.005209594788737171,0.0020067184550304207,0.9979932815449696,-0.018748703633596264,1.0187487036335963,1.0052095947887372,0.007216313243767591,1.0052095947887372,0.019274039441869194,0.04881100075351424,343711129.6,365060096.0,171855564.8,0.0,409.6,20.0
verify,,4,0.5874009240884334,2.22021915,0.14685023102210834,0.5550547875,6.809659018169674,3.7797338392776267,-0.006175191689071324,0.0014224212363723732,0.9985775787636276,-0.00617268016540784,1.0061726801654078,1.0061751916890715,0.0075976129254436975,1.0061751916890715,0.015462034809876313,0.050336064410398444,348064358.4,366993408.0,87016089.6,0.0,0.0,20.0
verify,,8,0.58016756195575,2.2027951999999997,0.07252094524446875,0.27534939999999997,13.789119772625565,3.796825855920585,-0.0033718861545671275,-0.007855946519723767,1.0078559465197237,-0.006219722041835851,1.0062197220418359,1.0033718861545675,-0.0044840603651564725,1.0033718861545675,0.01458887949096795,0.044666229343434796,340782489.6,366387200.0,42597811.2,0.0,204.8,20.0
verify,,16,0.5846615689340979,2.196170699999999,0.03654134805838112,0.13726066874999993,27.36625913204754,3.756311029650638,0.024512885885773994,-0.0011851670962695904,1.0011851670962697,0.01308142128582368,0.9869185787141763,0.9754871141142258,-0.02569805298204364,0.9754871141142258,0.01691924917442175,0.05698396738650405,345076121.6,365862912.0,21567257.6,0.0,0.0,20.0
verify,,32,0.6002216701395809,2.199178999999988,0.018756927191861904,0.06872434374999963,53.313636597889634,3.6639446881159277,0.02093119455695769,0.005369093357070809,0.9946309066429292,0.027130113059563143,0.9728698869404369,0.9790688054430423,-0.01556210119988699,0.9790688054430423,0.022124554541929905,0.041158488095405406,347018854.4,364392448.0,10844339.2,0.0,204.8,20.0
verify,,64,0.6018751081079244,2.212578099999989,0.00940429856418632,0.034571532812499826,106.33435265530856,3.6761415619189277,-0.008559868681630112,0.0019536388562360063,0.998046361143764,0.008414840941506796,0.9915851590584932,1.0085598686816302,0.010513507537865951,1.0085598686816302,0.01881528999186321,0.03968898818050242,358301696.0,366837760.0,5598464.0,0.0,0.0,20.0
verify,,128,0.5931412341538816,2.2051431500000165,0.0046339158918272,0.01722768085937513,215.80020512752333,3.71773706332466,-0.014929642182609781,-0.0005723617389671309,1.0005723617389672,-0.009969833379338766,1.0099698333793388,1.0149296421826097,0.014357280443642706,1.0149296421826097,0.018875247158327457,0.03824572258739401,351090688.0,366194688.0,2742896.0,0.0,0.0,20.0
verify,,256,0.5895461970474571,2.210823199999898,0.0023029148322166295,0.008636028124999601,434.2322981338688,3.7500423394673033,0.010169378288168385,0.006493289845626915,0.9935067101543731,-0.006285568060324209,1.0062855680603242,0.9898306217118309,-0.003676088442541192,0.9898306217118309,0.01660368215484529,0.041987712741500996,353383628.8,365043712.0,1380404.8,0.0,409.6,20.0
verify,,512,0.6015624124091119,2.2250825999998853,0.0011749265867365467,0.004345864453124776,851.117007044313,3.6988391463638295,0.014977840074528737,0.006532266012876264,0.9934677339871237,0.0015822542895005398,0.9984177457104995,0.9850221599254709,-0.008445574061652583,0.9850221599254709,0.022261949331323784,0.04307243562051095,348044697.6,366456832.0,679774.8,0.0,204.8,20.0
verify,,1024,0.6019153246190398,2.2309345499999464,0.0005878079341982811,0.0021786470214843227,1701.2359681124635,3.7063926747702167,0.0007662826823547353,0.0028008012391760317,0.997199198760824,0.005666755974431226,0.9943332440255688,0.9992337173176455,0.00203451855682113,0.9992337173176455,0.019873488393484122,0.03410863134877421,354159616.0,365518848.0,345859.0,0.0,0.0,20.0
verify,,2048,0.6022017877083272,2.233738800000174,0.00029404384165445665,0.001090692773437585,3400.8534046264513,3.709286231946677,-0.008338403001459604,-0.007821750991843235,1.0078217509918432,0.007410150823130124,0.9925898491768699,1.00833840300146,0.0005166520096163696,1.00833840300146,0.021455687523570903,0.03171336527654315,350789632.0,365264896.0,171284.0,0.0,0.0,20.0
verify,,4096,0.5949975557625293,2.2068746500009184,0.00014526307513733626,0.0005387877563478805,6884.061892910973,3.7090482618414464,-0.021341222132155335,-0.00821381621661088,1.0082138162166108,-0.010750590251753067,1.010750590251753,1.0213412221321558,0.01312740591554451,1.0213412221321558,0.016753746082757814,0.04660708455309528,357816524.8,366014464.0,87357.55,0.0,0.0,20.0
verify,,8192,0.5846464869566261,2.208448000000601,7.136797936482253e-05,0.00026958593750007337,14011.886127364603,3.777407457789859,-0.02531919525368326,0.0010281759763117522,0.9989718240236882,-0.05011508858234152,1.0501150885823416,1.0253191952536822,0.026347371229995174,1.0253191952536822,0.017533657883971314,0.044360210789121376,345600409.6,366166016.0,42187.55,0.0,204.8,20.0
